,Year,Ermine
0,1993,1
2,1994,0.75
4,1995,0
6,1996,0.5
8,1997,0.5
10,1998,0
12,1999,0.6
14,2000,0.25
16,2001,2
18,2002,1
20,2003,0
22,2004,0.8
24,2005,0
26,2006,0
28,2007,1
30,2008,1
32,2009,0.428571428571429
34,2010,1.375
36,2011,2.875
38,2012,0.636363636363636
40,2013,0
42,2014,0
44,2015,0
46,2016,1.875
48,2017,0.444444444444444
50,2018,0
52,2019,0
